{"name":"ShockR","vertices":[[-0.7325276,0.6132569,0.5358526], [-0.7325276,0.6132569,-0.5358681], [0.7325276,0.6132569,0.5358526], [0.7325276,0.6132569,-0.5358681], [1,-0.01788506,0.5358526], [1,-0.01788506,-0.5358681], [-1,-0.01788506,0.5358526], [-1,-0.01788506,-0.5358681], [1,-0.01788506,0.5358526], [-1,-0.01788506,0.5358526], [0.7325276,0.6132569,0.5358526], [-0.7325276,0.6132569,0.5358526], [-1,-0.01788506,0.5358526], [-1,-0.01788506,-0.5358681], [-0.7325276,0.6132569,0.5358526], [-0.7325276,0.6132569,-0.5358681], [-1,-0.01788506,-0.5358681], [1,-0.01788506,-0.5358681], [-0.7325276,0.6132569,-0.5358681], [0.7325276,0.6132569,-0.5358681], [1,-0.01788506,-0.5358681], [1,-0.01788506,0.5358526], [0.7325276,0.6132569,-0.5358681], [0.7325276,0.6132569,0.5358526]],
"triangles":[22, 23, 21, 22, 21, 20, 18, 19, 17, 18, 17, 16, 14, 15, 13, 14, 13, 12, 10, 11, 9, 10, 9, 8, 6, 7, 5, 6, 5, 4, 2, 3, 1, 2, 1, 0],
"uv":[[0.6254888,-0.2502444], [0.6254888,-0.5004888], [0.8747556,-0.2502444], [0.8747556,-0.5004888], [0.125,-0.2502444], [0.125,-0.5004888], [0.3752444,-0.2502444], [0.3752444,-0.5004888], [0.3752444,0], [0.3752444,-0.2502444], [0.6254888,0], [0.6254888,-0.2502444], [0.3752444,-0.2502444], [0.3752444,-0.5004888], [0.6254888,-0.2502444], [0.6254888,-0.5004888], [0.3752444,-0.5004888], [0.3752444,-0.7497556], [0.6254888,-0.5004888], [0.6254888,-0.7497556], [0.3752444,-0.7497556], [0.3752444,-1], [0.6254888,-0.7497556], [0.6254888,-1]]
}
