{"name":"Spoiler03","vertices":[[7.944591,0.6515619,-0.1378525],[0.9998803,0.9272756,-0.1378525],[7.944591,0.03734809,-0.1378525],[0.9998803,-0.9481239,-0.1378525],[7.944591,0.03734809,0.1378613],[0.9998803,-0.9481239,0.1378613],[7.944591,0.6515619,0.1378613],[0.9998803,0.9272756,0.1378613],[7.944591,0.6515619,0.1378613],[0.9998803,0.9272756,0.1378613],[7.944591,0.6515619,-0.1378525],[0.9998803,0.9272756,-0.1378525],[0.9998803,-0.9481239,0.1378613],[0.9998803,-0.9481239,0.9830194],[0.9998803,0.9272756,0.1378613],[0.9998803,0.9272756,0.9830194],[7.944591,0.03734809,-0.1378525],[0.9998803,-0.9481239,-0.1378525],[7.944591,0.03734809,0.1378613],[0.9998803,-0.9481239,0.1378613],[-1,-0.9481239,-0.1378525],[-1,-0.9481239,0.1378613],[0.9998803,-0.9481239,-0.1378525],[0.9998803,-0.9481239,0.1378613],[0.9998803,0.9272756,-0.1378525],[0.9998803,0.9272756,0.1378613],[-1,0.9272756,-0.1378525],[-1,0.9272756,0.1378613],[0.9998803,-0.9481239,-0.1378525],[0.9998803,-0.9481239,-0.9830107],[-1,-0.9481239,-0.1378525],[-1,-0.9481239,-0.9830107],[0.9998803,-0.9481239,0.9830194],[0.9998803,-0.9481239,0.1378613],[-1,-0.9481239,0.9830194],[-1,-0.9481239,0.1378613],[-1,0.9272756,0.9830194],[-1,0.9272756,0.1378613],[0.9998803,0.9272756,0.9830194],[0.9998803,0.9272756,0.1378613],[-1,-0.9481239,0.9830194],[-1,-0.9481239,0.1378613],[-1,0.9272756,0.9830194],[-1,0.9272756,0.1378613],[-1,-0.9481239,-0.1378525],[-1,0.9272756,-0.1378525],[-1,-0.9481239,-0.9830107],[-1,0.9272756,-0.9830107],[0.9998803,-0.9481239,-0.9830107],[0.9998803,-0.9481239,-0.1378525],[0.9998803,0.9272756,-0.9830107],[0.9998803,0.9272756,-0.1378525],[0.9998803,-0.9481239,0.9830194],[-1,-0.9481239,0.9830194],[0.9998803,0.9272756,0.9830194],[-1,0.9272756,0.9830194],[7.944591,0.6515619,0.1378613],[7.944591,0.6515619,-0.1378525],[7.944591,0.03734809,0.1378613],[7.944591,0.03734809,-0.1378525],[-1,-0.9481239,-0.9830107],[0.9998803,-0.9481239,-0.9830107],[-1,0.9272756,-0.9830107],[0.9998803,0.9272756,-0.9830107],[-1,0.9272756,-0.1378525],[-1,0.9272756,-0.9830107],[0.9998803,0.9272756,-0.1378525],[0.9998803,0.9272756,-0.9830107]],"triangles":[66,67,65,66,65,64,62,63,61,62,61,60,58,59,57,58,57,56,54,55,53,54,53,52,50,51,49,50,49,48,45,47,46,45,46,44,45,44,43,43,44,41,43,41,42,42,41,40,38,39,37,38,37,36,34,35,33,34,33,32,30,31,29,30,29,28,26,27,25,26,25,24,22,23,21,22,21,20,18,19,17,18,17,16,14,15,13,14,13,12,10,11,9,10,9,8,6,7,5,6,5,4,2,3,1,2,1,0],"uv":[[0.6254888,-0.85826],[0.6254888,-0.85826],[0.3752444,-0.85826],[0.3752444,-0.85826],[0.3752444,-0.8924731],[0.3752444,-0.8924731],[0.6254888,-0.8924731],[0.6254888,-0.8924731],[0.8747556,-0.3577712],[0.8747556,-0.3577712],[0.8747556,-0.3919844],[0.8747556,-0.3919844],[0.3752444,-0.8924731],[0.3752444,-1],[0.6254888,-0.8924731],[0.6254888,-1],[0.125,-0.3919844],[0.125,-0.3919844],[0.125,-0.3577712],[0.125,-0.3577712],[0.3752444,-0.3919844],[0.3752444,-0.3577712],[0.125,-0.3919844],[0.125,-0.3577712],[0.8747556,-0.3919844],[0.8747556,-0.3577712],[0.6254888,-0.3919844],[0.6254888,-0.3577712],[0.125,-0.3919844],[0.125,-0.5004888],[0.3752444,-0.3919844],[0.3752444,-0.5004888],[0.125,-0.2502444],[0.125,-0.3577712],[0.3752444,-0.2502444],[0.3752444,-0.3577712],[0.6254888,-0.2502444],[0.6254888,-0.3577712],[0.8747556,-0.2502444],[0.8747556,-0.3577712],[0.3752444,-0.2502444],[0.3752444,-0.3577712],[0.6254888,-0.2502444],[0.6254888,-0.3577712],[0.3752444,-0.3919844],[0.6254888,-0.3919844],[0.3752444,-0.5004888],[0.6254888,-0.5004888],[0.3752444,-0.7497556],[0.3752444,-0.85826],[0.6254888,-0.7497556],[0.6254888,-0.85826],[0.3752444,0],[0.3752444,-0.2502444],[0.6254888,0],[0.6254888,-0.2502444],[0.6254888,-0.8924731],[0.6254888,-0.85826],[0.3752444,-0.8924731],[0.3752444,-0.85826],[0.3752444,-0.5004888],[0.3752444,-0.7497556],[0.6254888,-0.5004888],[0.6254888,-0.7497556],[0.6254888,-0.3919844],[0.6254888,-0.5004888],[0.8747556,-0.3919844],[0.8747556,-0.5004888]]}