{"name":"Spoiler01","vertices":[[0.620147,0.9273735,0.1189241],[0.620147,0.9273735,-0.1189617],[0.620147,-0.9481238,0.1189241],[0.620147,-0.9481238,-0.1189617],[0.620147,-0.9481238,0.1189241],[0.620147,-0.9481238,0.8496389],[0.620147,0.9273735,0.1189241],[0.620147,0.9273735,0.8496389],[-0.9999493,0.9273735,-0.1189617],[-0.9999493,0.9273735,0.1189241],[-0.9999493,-0.9481238,-0.1189617],[-0.9999493,-0.9481238,0.1189241],[-0.9999493,-0.9481238,-0.1189617],[-0.9999493,-0.9481238,0.1189241],[0.620147,-0.9481238,-0.1189617],[0.620147,-0.9481238,0.1189241],[0.620147,0.9273735,-0.1189617],[0.620147,0.9273735,0.1189241],[-0.9999493,0.9273735,-0.1189617],[-0.9999493,0.9273735,0.1189241],[0.620147,-0.9481238,-0.1189617],[0.620147,-0.9481238,-0.8496764],[-0.9999493,-0.9481238,-0.1189617],[-0.9999493,-0.9481238,-0.8496764],[-0.9999493,-0.9481238,0.8496389],[-0.9999493,-0.9481238,0.1189241],[-0.9999493,0.9273735,0.8496389],[-0.9999493,0.9273735,0.1189241],[0.620147,-0.9481238,0.8496389],[0.620147,-0.9481238,0.1189241],[-0.9999493,-0.9481238,0.8496389],[-0.9999493,-0.9481238,0.1189241],[-0.9999493,0.9273735,0.8496389],[-0.9999493,0.9273735,0.1189241],[0.620147,0.9273735,0.8496389],[0.620147,0.9273735,0.1189241],[-0.9999493,-0.9481238,-0.1189617],[-0.9999493,-0.9481238,-0.8496764],[-0.9999493,0.9273735,-0.1189617],[-0.9999493,0.9273735,-0.8496764],[0.620147,-0.9481238,-0.8496764],[0.620147,-0.9481238,-0.1189617],[0.620147,0.9273735,-0.8496764],[0.620147,0.9273735,-0.1189617],[0.620147,-0.9481238,0.8496389],[-0.9999493,-0.9481238,0.8496389],[0.620147,0.9273735,0.8496389],[-0.9999493,0.9273735,0.8496389],[-0.9999493,-0.9481238,-0.8496764],[0.620147,-0.9481238,-0.8496764],[-0.9999493,0.9273735,-0.8496764],[0.620147,0.9273735,-0.8496764],[-0.9999493,0.9273735,-0.1189617],[-0.9999493,0.9273735,-0.8496764],[0.620147,0.9273735,-0.1189617],[0.620147,0.9273735,-0.8496764]],"triangles":[54,55,53,54,53,52,50,51,49,50,49,48,46,47,45,46,45,44,42,43,41,42,41,40,38,39,37,38,37,36,34,35,33,34,33,32,30,31,29,30,29,28,26,27,25,26,25,24,22,23,21,22,21,20,18,19,17,18,17,16,14,15,13,14,13,12,10,11,9,10,9,8,6,7,5,6,5,4,2,3,1,2,1,0],"uv":[[0.6254888,-0.8924731],[0.6254888,-0.85826],[0.125,-0.3577712],[0.3752444,-0.85826],[0.3752444,-0.8924731],[0.3752444,-1],[0.6254888,-0.8924731],[0.6254888,-1],[0.6254888,-0.3919844],[0.6254888,-0.3577712],[0.3752444,-0.3919844],[0.3752444,-0.3577712],[0.3752444,-0.3919844],[0.3752444,-0.3577712],[0.125,-0.3919844],[0.125,-0.3577712],[0.8747556,-0.3919844],[0.8747556,-0.3577712],[0.6254888,-0.3919844],[0.6254888,-0.3577712],[0.125,-0.3919844],[0.125,-0.5004888],[0.3752444,-0.3919844],[0.3752444,-0.5004888],[0.3752444,-0.2502444],[0.3752444,-0.3577712],[0.6254888,-0.2502444],[0.6254888,-0.3577712],[0.125,-0.2502444],[0.125,-0.3577712],[0.3752444,-0.2502444],[0.3752444,-0.3577712],[0.6254888,-0.2502444],[0.6254888,-0.3577712],[0.8747556,-0.2502444],[0.8747556,-0.3577712],[0.3752444,-0.3919844],[0.3752444,-0.5004888],[0.6254888,-0.3919844],[0.6254888,-0.5004888],[0.3752444,-0.7497556],[0.3752444,-0.85826],[0.6254888,-0.7497556],[0.6254888,-0.85826],[0.3752444,0],[0.3752444,-0.2502444],[0.6254888,0],[0.6254888,-0.2502444],[0.3752444,-0.5004888],[0.3752444,-0.7497556],[0.6254888,-0.5004888],[0.6254888,-0.7497556],[0.6254888,-0.3919844],[0.6254888,-0.5004888],[0.8747556,-0.3919844],[0.8747556,-0.5004888]]}